inlf,hourstotalin1975,kidslt6,kidsge6,age,educ,wage,repwage,husage,huseduc,huswage,motheduc,fatheduc,unem,city,exper
1,1610,1,0,32,12,3.354000092,2.650000095,34,12,4.028800011,12,7,5,0,14
1,1656,0,2,30,12,1.388900042,2.650000095,30,9,8.441599846,7,7,11,1,5
1,1980,1,3,35,12,4.545499802,4.039999962,40,12,3.580699921,12,7,5,0,15
1,456,0,3,34,12,1.096500039,3.25,53,10,3.541699886,7,7,5,0,6
1,1568,1,2,31,14,4.591800213,3.599999905,32,12,10,12,14,9.5,1,7
1,2032,0,0,54,12,4.742099762,4.699999809,57,11,6.710599899,14,7,7.5,1,33
1,1440,0,2,37,16,8.333299637,5.949999809,37,12,3.427700043,14,7,5,0,11
1,1020,0,0,54,12,7.843100071,9.979999542,53,8,2.548500061,3,3,5,0,35
1,1458,0,2,48,12,2.126199961,0,52,4,4.220600128,7,7,3,0,24
1,1600,0,2,39,12,4.6875,4.150000095,43,12,5.714300156,7,7,5,0,21
1,1969,0,1,33,12,4.063000202,4.300000191,34,12,9.795900345,12,3,5,0,15
1,1960,0,1,42,11,4.591800213,4.579999924,47,14,8,14,7,5,0,14
1,240,1,2,30,12,2.083300114,0,33,16,5.30039978,16,16,5,0,0
1,997,0,2,43,12,2.266799927,3.5,46,12,4.341300011,10,10,7.5,1,14
1,1848,0,1,43,10,3.679699898,3.380000114,45,17,10.86999989,7,7,7.5,1,6
1,1224,0,3,35,11,1.347200036,0,38,12,9.149900436,16,10,7.5,1,9
1,1400,0,2,43,12,3.214299917,4,45,12,6.122399807,10,7,7.5,1,20
1,640,0,5,39,12,5.175000191,2.25,40,12,6.149799824,12,12,7.5,1,6
1,2000,0,0,45,12,2,2.299999952,51,11,6.916999817,7,7,5,1,23
1,1324,0,4,35,12,,3.940000057,40,10,4.710299969,12,7,5,0,9
1,2215,0,2,42,16,3.505199909,3.299999952,48,16,3.131000042,10,16,7.5,0,5
1,1680,0,0,30,12,3.571399927,3.799999952,35,12,4,12,10,3,0,11
1,1600,0,0,48,13,3.25,3.25999999,52,17,7.222700119,7,3,5,1,18
1,800,0,0,45,12,3.25,2.200000048,53,17,7.965199947,7,7,11,0,15
1,1955,1,1,31,12,2.154500008,2.299999952,31,12,4.088399887,12,7,5,1,4
1,660,0,2,43,17,3.787899971,0,43,17,14.18099976,16,14,9.5,1,21
1,525,0,0,59,12,4,3.180000067,53,16,6.535900116,3,7,9.5,1,31
1,1904,0,3,32,12,4.726900101,6.070000172,33,13,8.5,3,7,11,1,9
1,1516,1,0,31,17,7.255899906,6,30,17,6.276199818,12,12,5,0,7
1,346,0,0,42,12,5.867099762,6.389999866,47,10,5.208300114,12,12,9.5,0,7
1,1040,0,0,50,11,1.538499951,0,53,10,2.782099962,7,7,7.5,1,32
1,732,0,0,59,16,2.459000111,2.5,57,17,4.910699844,3,3,14,1,11
1,1880,0,2,36,13,5.851099968,5.199999809,35,13,5.866899967,12,10,7.5,0,16
1,1680,0,1,51,12,3.571399927,3.289999962,50,8,7.519999981,7,14,5,1,14
1,2081,0,3,45,16,3.806799889,4.190000057,47,17,7.54489994,12,12,5,1,27
1,690,0,1,42,11,2.463799953,0,44,8,5.538000107,10,3,7.5,0,0
1,4210,0,0,46,12,2.375299931,4.630000114,49,16,6.923099995,3,3,11,1,17
1,2205,0,1,46,10,4.535099983,4.550000191,52,12,5,10,3,11,0,28
1,1952,0,0,51,14,5.618299961,5.599999905,58,12,7.306399822,7,7,14,0,24
1,1302,0,0,30,17,14.63099957,9.529999733,30,17,11.21800041,14,17,5,1,11
1,112,1,2,30,12,2.678600073,0,33,16,3.846199989,12,12,3,0,1
1,893,0,0,57,12,3.919399977,3.5,58,12,5.836599827,9,9,7.5,1,14
1,583,1,2,31,16,2.572900057,9.979999542,34,16,13.72500038,14,16,9.5,1,6
1,480,0,2,48,12,,4.650000095,48,8,6.349299908,3,3,5,0,10
1,1900,0,3,30,12,,2.230000019,32,12,5.252799988,12,7,5,0,6
1,576,0,2,34,12,3.472199917,3.839999914,33,12,1.307500005,12,7,3,0,4
1,2056,0,2,48,16,2.01609993,0,53,16,2.799799919,14,16,5,1,10
1,1984,0,0,45,12,4.57159996,4.820000172,47,11,2.696099997,10,10,11,0,22
1,2640,0,0,51,12,2.272700071,0,50,13,7.568799973,7,7,3,0,16
1,240,0,2,30,12,2.637500048,0,37,12,3.407700062,12,7,14,0,6
1,1173,0,1,46,12,2.289900064,2.5,46,12,6.540100098,7,7,11,1,12
1,3640,0,0,58,12,1.098899961,0,58,12,7.213900089,7,3,9.5,1,32
1,340,0,8,37,12,1.176499963,0,40,10,6.273200035,12,7,5,0,15
1,500,0,0,52,8,1.600000024,0,54,11,5.882400036,7,7,5,1,17
1,1599,0,0,52,10,1.876199961,2.799999952,47,4,3.809499979,7,3,7.5,0,34
1,1830,0,0,31,16,4.043700218,4.199999809,35,14,6.377600193,12,12,7.5,1,9
1,1920,0,0,55,14,9.635399818,8.75,55,15,6.045300007,7,7,14,1,37
1,2052,0,0,34,17,8.04090023,8.25,33,17,8.811900139,17,17,7.5,1,10
1,2312,0,0,55,14,4.598999977,5.579999924,56,16,8.87650013,17,7,11,1,35
1,196,0,2,39,12,2.14289999,2.5,39,12,3.342000008,12,7,14,1,6
1,2500,0,3,40,14,4.400000095,5.5,42,13,3.183599949,14,3,7.5,0,19
1,1980,0,4,43,12,3.535399914,3.75,47,12,6.914899826,12,12,9.5,1,10
1,1840,0,0,48,8,2.717400074,4.800000191,56,8,5.514699936,7,7,14,1,11
1,320,0,0,47,12,6.25,6.25,47,12,5.280799866,7,7,9.5,1,15
1,419,0,4,41,12,11.93299961,6.300000191,44,12,3.200000048,7,7,5,1,12
1,1880,0,0,36,8,3.593100071,3.75,37,12,5.879099846,12,12,7.5,0,12
1,72,0,2,46,17,6.944399834,0,48,17,6.25,12,16,7.5,0,14
1,120,0,0,34,12,2.916699886,0,51,8,7.48789978,12,7,5,1,11
1,1885,0,3,41,12,3.076900005,2.900000095,48,8,6.976699829,7,7,5,1,9
1,240,0,1,51,12,3.75,0,54,10,8,12,7,5,0,24
1,1729,0,0,33,12,5.725900173,4.760000229,34,16,4.131899834,12,12,7.5,1,12
1,1850,0,0,52,12,3.675699949,3.400000095,53,12,14.47599983,10,10,7.5,1,13
1,2033,0,0,58,9,5.164800167,4.320000172,53,7,5.734300137,7,9,7.5,1,29
1,608,2,4,34,10,8.22369957,3,38,9,3.374200106,0,0,7.5,1,11
1,1153,0,1,31,12,4.336500168,4.519999981,35,12,1.833299994,7,10,7.5,1,13
1,2208,0,1,48,12,4.981900215,5.309999943,52,12,5.602499962,12,14,5,1,19
1,252,0,2,32,12,0.35710001,0,32,12,4.297500134,7,7,3,0,2
1,337,0,0,49,17,2.967400074,0,47,17,3.916100025,3,3,14,1,24
1,90,2,2,32,15,1,0,31,14,4.87869978,10,12,7.5,1,9
1,1174,0,0,58,12,2.555399895,4.869999886,59,16,9.240200043,7,12,7.5,1,6
1,372,0,0,50,6,0.860199988,2.25,42,12,6.651899815,12,7,7.5,1,22
1,30,0,0,60,14,1,0,51,12,4.62169981,12,17,9.5,0,30
1,1800,0,1,50,12,2.926100016,0,55,11,9.974100113,7,3,7.5,1,10
1,282,0,0,56,14,3.546099901,2.5,57,17,20.91799927,7,7,9.5,1,6
1,720,0,0,51,9,1.626399994,2.200000048,55,8,1.940000057,7,7,3,0,29
1,1440,0,1,54,17,8.333299637,6,58,17,8.835100174,7,12,5,1,29
1,2100,0,0,59,13,3.095200062,2.950000048,52,15,4.666699886,7,7,5,1,36
1,1000,0,2,46,9,2.700000048,2.349999905,47,10,5.189400196,7,7,5,1,19
1,952,0,1,46,15,5.252099991,0,47,16,18.72400093,7,12,5,1,8
1,1413,1,3,39,12,1.415400028,2.200000048,49,8,10.41699982,10,10,14,0,13
1,2100,0,2,44,12,4.798600197,4.849999905,43,14,8.8458004,7,0,11,1,16
1,120,2,0,33,12,1.666700006,2.369999886,36,12,7.568999767,12,12,9.5,1,11
1,3000,1,2,33,12,1.121700048,0,30,17,4.450699806,10,10,7.5,1,15
1,1000,0,2,48,12,0.5,0,52,12,9.320400238,12,7,9,1,6
1,336,0,4,31,12,0.714299977,0,37,17,9.168700218,7,7,11,0,13
1,1216,0,1,45,12,2.796099901,2.900000095,44,12,6.483399868,7,7,11,0,22
1,988,0,1,45,12,4.858300209,4.5,44,10,7.8125,7,3,5,1,24
1,2581,0,2,32,13,1.743499994,2.599999905,37,17,11.40400028,14,12,7.5,1,2
1,2030,0,0,47,12,2.463099957,2.799999952,47,17,5.086999893,7,7,3,0,6
1,413,0,2,34,13,2.421299934,3,35,13,6.975800037,12,12,3,0,2
1,782,0,1,37,12,1.534500003,2.299999952,34,10,5.286300182,12,7,9.5,1,2
1,1388,0,1,36,12,2.881799936,1.870000005,39,12,11.56200027,7,7,11,0,14
1,1450,1,2,47,12,2.406899929,3,50,14,8.606100082,7,10,9.5,1,9
1,1720,0,1,48,16,5.232600212,4.679999828,46,17,12.80500031,14,14,7.5,1,11
1,800,0,2,42,12,3.75,2.5,43,12,6.694600105,12,7,11,0,9
1,360,0,3,33,13,1.388900042,0,44,14,8.333299637,10,12,11,1,6
1,2000,0,0,46,11,4,4.610000134,53,8,4.166699886,7,7,5,0,19
1,1176,0,3,47,12,3.231300116,3.349999905,48,13,5.475900173,7,7,9.5,0,26
1,2058,0,1,44,12,3.401400089,3.799999952,43,10,5.144000053,7,10,9.5,1,19
1,900,0,4,36,12,1.333299994,2.200000048,37,17,11.66699982,7,7,7.5,1,3
1,215,2,0,31,17,9.302300453,9.979999542,32,16,7.291699886,12,12,7.5,1,7
1,2000,0,0,55,14,4.5,4.369999886,55,14,4.861100197,7,7,9.5,1,28
1,757,0,1,45,16,4.62349987,4.5,48,16,12.16399956,12,7,9.5,1,13
1,1264,0,0,47,17,3.955699921,0,48,17,10.82299995,10,17,9.5,1,9
1,2064,0,3,46,12,5.81400013,6,47,12,12.47799969,10,7,14,1,15
1,1280,0,0,49,11,0.5,0,52,9,6.162000179,7,7,7.5,1,20
1,1715,0,0,49,12,4.081600189,3.75,52,14,7.184599876,7,7,9.5,1,29
1,2000,0,2,45,12,6,4.949999809,49,6,7.092999935,7,10,14,1,9
1,12,1,3,38,17,3.666699886,0,38,13,17.82600021,12,10,14,1,1
1,1528,0,0,47,10,3.861299992,2.950000048,50,12,6.393000126,7,12,14,1,8
1,561,0,3,54,13,2.762900114,2.529999971,57,16,11.71899986,7,7,9.5,1,19
1,2058,0,0,41,11,2.930999994,2.900000095,42,12,4.788300037,12,12,7.5,0,23
1,1823,0,2,43,12,4.388400078,4.199999809,33,14,4.232800007,14,7,11,0,3
1,1680,1,1,31,16,5.416699886,4.699999809,32,12,7.106599808,12,10,7.5,0,13
1,1440,0,0,47,17,9.861100197,7.099999905,46,12,8.333299637,7,7,7.5,1,8
1,4950,0,2,35,12,0.161599994,2.75,37,12,6.988800049,10,10,7.5,0,17
1,1176,0,3,45,16,0.382600009,3.75,48,17,9.591300011,7,7,11,1,4
1,1100,1,0,33,12,3.636399984,3.579999924,39,12,6.020400047,7,7,7.5,0,15
1,1516,0,1,54,16,2.374700069,2.400000095,55,12,2.968600035,12,7,3,0,11
1,900,0,4,35,8,4.666699886,3.950000048,41,12,7,10,7,9.5,0,7
1,1080,1,2,31,12,1.851899981,2.25,37,10,7.162700176,7,7,7.5,0,0
1,480,0,0,55,12,5.199999809,0,60,12,4.736400127,7,7,7.5,0,0
1,288,0,2,34,12,3.298599958,4.619999886,36,12,8.781000137,12,16,11,1,10
1,1875,0,1,38,13,8.5333004,8.5,41,12,9.831500053,10,12,7.5,1,8
1,630,0,1,45,11,2.063499928,0,51,10,6.649600029,7,7,7.5,1,2
1,234,0,1,47,12,2.564100027,2.5,48,10,9.848500252,12,3,7.5,1,4
1,1600,0,2,39,12,2.1875,0,42,11,9.803899765,7,7,5,1,6
1,960,1,0,36,14,6.25,0,37,13,8.260399818,7,7,11,1,18
1,120,1,2,33,12,3.333300114,0,32,14,9.06760025,7,7,9,1,3
1,2025,0,0,50,12,4.444399834,4.800000191,54,13,8.508199692,7,12,5,1,22
1,1809,0,0,58,12,6.633500099,6.449999809,59,14,7.156499863,3,7,7.5,1,33
1,3087,0,0,49,17,8.422400475,9.979999542,47,13,7.042300224,12,12,11,1,28
1,910,0,2,41,14,4.395599842,0,40,17,6.593400002,16,12,14,1,23
1,1840,0,1,51,12,2.44569993,2.5,53,8,4.345699787,7,14,11,0,27
1,784,0,0,53,9,1.224499941,2.25,60,10,7.236199856,3,7,14,1,11
1,400,1,2,36,12,1.625,0,40,7,1.74000001,12,7,11,1,6
1,1000,0,2,46,12,3,5.5,46,12,6.89659977,7,7,9.5,1,11
1,1904,0,2,36,12,4.726900101,4.199999809,37,12,5.045499802,12,12,11,1,14
1,1771,0,1,53,14,1.129299998,9.979999542,48,16,17.25,12,12,14,1,17
1,1486,0,3,40,16,7.402400017,6.25,54,16,8.333299637,16,14,11,1,17
1,740,0,2,42,17,4.459499836,1.649999976,45,16,9.375,12,10,9,0,14
1,1820,1,1,33,15,2.472500086,0,32,16,8.279000282,12,12,11,1,11
1,1275,0,3,43,12,1.882400036,3,47,14,4.5,7,7,7.5,1,7
1,450,1,0,31,16,4,4,30,16,4.199500084,14,16,14,1,8
1,1221,0,0,47,17,8.18999958,5.989999771,47,16,16.06399918,7,7,7.5,1,6
1,1550,0,0,54,17,7.09679985,6,58,17,11.27700043,10,17,11,1,8
1,180,1,3,33,12,1.666700006,0,33,11,0.549399972,7,3,3,0,4
1,2090,0,0,43,16,3.444999933,3.849999905,47,14,9.548000336,14,10,11,1,25
1,1960,0,1,46,13,4.234700203,4.199999809,49,13,5.333300114,7,9,3,0,24
1,1440,0,3,35,12,2.777800083,4.099999905,38,9,5.454500198,7,7,14,1,11
1,794,0,3,37,11,1.889199972,3.849999905,39,12,5.902599812,12,3,9.5,1,19
1,993,0,2,37,16,5.035200119,8.300000191,39,17,9.857600212,12,16,14,1,9
1,160,0,3,34,14,1.25,0,38,14,11.68500042,17,12,7.5,1,19
1,105,1,0,43,16,2.85710001,0,44,17,6.227799892,7,7,9.5,0,14
1,1200,0,0,46,12,4.116700172,4.329999924,48,12,9.174799919,7,7,9.5,1,22
1,450,0,3,35,9,1.777799964,2.599999905,42,12,6.297200203,3,7,5,1,6
1,996,0,0,46,17,13.5539999,9.979999542,59,17,10.47099972,12,12,9.5,1,23
1,1052,0,0,46,14,4.562699795,4.900000095,48,16,14.58300018,7,3,11,1,15
1,1128,0,2,43,12,2.12770009,2.400000095,46,10,6.214300156,7,7,14,1,6
1,1840,0,0,30,12,2.989099979,3.75,30,12,6.628799915,7,7,7.5,0,11
1,1910,0,2,41,11,2.565399885,2.569999933,46,9,3.824599981,3,7,5,0,2
1,980,0,1,54,12,5.612199783,5,54,15,7.8125,7,7,14,1,22
1,2317,0,1,31,12,2.805399895,3.869999886,41,9,3.480600119,10,10,7.5,1,10
1,1089,0,0,44,10,1.606999993,0,47,11,5.550000191,10,10,9.5,1,14
1,800,0,1,32,12,2.25,0,31,16,11.59399986,12,7,11,1,12
1,1230,0,0,47,5,2.032500029,2.819999933,53,5,9.523799896,7,12,14,1,9
1,1158,0,1,46,17,5.532000065,8.100000381,57,17,7.280499935,14,17,7.5,0,13
1,2272,0,0,37,11,1.584499955,3.710000038,47,8,3,10,10,7.5,0,18
1,528,0,2,51,12,3.787899971,0,50,11,10.39999962,7,7,7.5,0,8
1,1000,0,1,49,12,3,0,49,12,10.05000019,7,7,14,1,11
1,520,0,4,36,14,8.653800011,0,37,13,8.786600113,10,12,9.5,1,9
1,760,0,1,39,11,4.210499763,3.950000048,44,12,10.14000034,12,7,9.5,1,9
1,1920,0,2,48,12,4.6875,4.300000191,50,8,5,12,12,9.5,1,14
1,1220,0,2,38,14,4.098400116,4.840000153,43,17,11.88799953,7,7,5,1,9
1,200,0,2,40,12,25,3,42,12,13.33300018,7,7,7.5,1,2
1,2480,1,5,39,10,2.633100033,4.199999809,36,17,8.680600166,7,7,3,0,12
1,2750,0,0,37,16,6,9,43,17,7.291699886,12,7,7.5,1,15
1,2014,0,1,49,13,5.41260004,4.050000191,47,12,3.524199963,7,14,14,1,11
1,1355,0,3,33,12,0.664200008,1,35,17,6.181799889,12,7,9.5,0,7
1,80,0,0,30,12,1.25,0,32,16,2.975500107,12,12,11,1,9
1,1670,0,0,54,12,2.275399923,2.099999905,56,8,4.576900005,12,7,9.5,0,19
1,520,0,4,39,11,3.461499929,3.049999952,40,12,3.105600119,10,7,11,0,11
1,288,0,3,43,12,4.166699886,3,43,12,5.822800159,12,12,14,1,8
1,2014,0,3,31,9,4.468699932,4.260000229,32,12,7.5,10,3,9.5,1,13
1,800,0,3,33,13,1.75,0,37,14,8.333299637,12,7,7.5,1,4
1,1984,0,3,40,12,3.669399977,4.25,39,14,9.234700203,12,12,14,1,7
1,1823,0,1,36,12,6.582600117,6,39,9,5.5,12,12,3,0,19
1,1500,0,0,51,12,2.599999905,2,51,12,6,7,7,9.5,1,14
1,2261,0,1,44,13,4.865099907,5.5,43,12,6.666699886,12,7,9.5,1,14
1,1728,0,3,42,16,5.787000179,6.25,48,14,13.06099987,12,14,9.5,1,3
1,1960,0,1,40,12,4.540800095,5,40,8,12.79399967,12,12,7.5,1,9
1,1578,1,1,34,16,9.505700111,7.71999979,33,16,12,12,17,9.5,1,7
1,1316,0,0,30,17,10.63799953,7,41,16,6.730000019,16,17,11,1,7
1,1530,0,0,54,12,1.111099958,1.129999995,53,12,6.678999901,7,7,14,0,14
1,2220,0,0,51,12,4.054100037,4.369999886,54,12,4.394499779,16,7,3,0,29
1,1336,0,2,44,9,2.687099934,2.640000105,46,11,4.6875,7,10,11,0,19
1,1008,0,1,43,12,2.976200104,2.5,42,9,7.698900223,7,7,11,1,14
1,1944,0,1,34,12,3.172800064,3.230000019,37,8,4.328700066,10,7,7.5,0,16
1,2000,0,0,45,13,3.549999952,3.450000048,52,12,6.741600037,12,7,11,1,10
1,258,0,0,39,12,17.90699959,0,47,7,9.352499962,10,3,11,0,12
1,1785,0,0,50,12,3.417399883,5.75,48,10,9.142900467,0,0,14,1,24
1,480,0,0,52,12,3.333300114,0,53,12,2.641799927,7,7,14,0,6
1,772,0,2,41,12,3.885999918,7.5,45,12,7.364999771,12,12,7.5,1,9
1,900,0,0,59,10,2.311100006,2.220000029,59,7,1.406599998,12,7,5,0,14
1,1428,0,0,52,12,1.710800052,2.5,60,8,1.519199967,10,7,14,0,26
1,210,0,0,46,16,2.114300013,4,49,12,3.343899965,12,12,14,0,7
1,239,1,5,41,12,9.933099747,4.5,48,16,2.910599947,3,7,11,1,4
1,1878,0,2,33,11,3.027699947,3.5,35,8,4.383399963,7,7,9.5,0,15
1,215,0,0,45,12,1.860499978,2.299999952,38,12,4.209799767,12,12,5,1,23
1,2340,1,2,36,10,0.128199995,0,37,8,3.712899923,10,7,7.5,0,1
1,1960,0,1,48,12,6.632699966,6.300000191,56,10,10.60599995,7,7,14,1,29
1,532,0,1,47,12,5.639100075,3.599999905,47,11,8.638199806,7,3,11,1,9
1,394,0,0,45,12,1.598999977,2.5,45,12,3.836699963,7,7,7.5,0,6
1,675,0,2,37,12,2.666699886,3,48,17,7.167099953,7,7,7.5,0,11
1,1515,0,4,46,16,7.920800209,6.800000191,49,14,8.863400459,12,10,14,1,17
1,1030,0,3,43,17,5.339799881,5.800000191,46,16,7.736899853,12,12,5,1,6
1,1250,0,2,42,12,4,4,46,17,9.170200348,7,7,7.5,1,7
1,1158,1,2,34,17,6.04489994,5.099999905,39,17,11.28999996,12,12,7.5,1,2
1,112,0,0,52,12,6.25,0,53,12,6.326900005,7,7,7.5,1,24
1,336,0,3,37,12,2.976200104,2.200000048,52,9,4.746799946,10,7,7.5,0,4
1,1984,0,1,37,12,4.23390007,4.78000021,40,12,4.888500214,10,7,5,0,11
1,716,0,0,52,8,3.491600037,2.200000048,59,7,2.484200001,7,7,5,0,25
1,1410,1,0,30,12,4.96449995,1.279999971,30,14,8.546999931,12,12,7.5,0,11
1,1300,0,1,31,13,2.769200087,0,32,12,6.637899876,17,7,11,1,2
1,1640,0,1,38,12,3.658499956,3.25,46,12,3.186300039,7,7,7.5,0,19
1,1202,0,3,43,12,5.393499851,0,48,16,4.546599865,7,7,9,1,7
1,489,0,1,49,8,0.656400025,2.289999962,51,8,12.78899956,7,7,5,1,2
1,2076,0,0,55,12,4.768799782,4.679999828,58,10,6.527999878,7,7,5,1,20
1,526,0,2,38,17,8.555100441,4.199999809,42,17,16.40299988,12,14,9.5,1,10
1,1721,0,0,52,17,10.45899963,9.5,56,16,7,14,17,14,1,19
1,1327,0,0,48,12,2.637500048,2.569999933,51,11,13.54199982,7,7,11,1,17
1,584,0,2,32,13,6.849299908,4.320000172,33,12,6.712999821,12,10,11,1,12
1,1376,0,1,32,12,5.087200165,5,33,17,5.448699951,7,7,5,1,11
1,1040,0,2,38,12,0.961499989,0,41,17,6.687200069,7,7,7.5,1,6
1,548,0,3,46,12,4.306600094,3.690000057,47,12,9.09430027,16,12,14,1,10
1,15,0,3,40,12,7.066699982,0,42,9,6.533699989,7,7,7.5,0,4
1,1980,0,4,31,9,2.525300026,2.559999943,36,10,4.68599987,10,7,5,1,2
1,1520,0,1,43,10,7.89470005,5,50,12,8,12,9,9.5,1,13
1,1880,0,0,51,12,4.148900032,3.900000095,51,12,4.052999973,7,7,7.5,0,21
1,1260,1,0,30,16,8.174599648,8.170000076,34,17,8.163299561,16,14,5,1,9
1,1092,0,0,52,13,9.597100258,0,53,15,16.5,10,7,11,1,4
1,1587,1,5,30,8,2.016400099,2.299999952,33,8,3.461499929,3,3,7.5,0,2
1,156,0,0,51,16,7.621799946,0,51,16,11.36100006,16,16,11,1,19
1,1939,0,2,31,13,3.19749999,3.430000067,31,12,3.89109993,7,3,7.5,1,4
1,1250,0,4,34,12,1.600000024,1.360000014,52,12,9.605899811,12,16,7.5,1,9
1,610,0,0,49,11,4.098400116,4,59,17,2.66869998,7,7,7.5,1,14
1,270,1,3,35,13,1.48150003,5,41,17,8.886500359,7,16,9.5,1,6
1,660,1,0,53,12,3.636399984,3.150000095,59,12,6.363599777,7,12,7.5,1,24
1,1000,0,3,32,12,1,0,46,16,17.72800064,12,7,11,0,1
1,1920,0,3,38,10,2.604199886,2.930000067,42,10,5.292300224,12,7,7.5,1,13
1,200,0,0,54,12,1.75,0,54,16,15.68599987,7,12,9.5,1,3
1,1500,0,1,47,17,4.800000191,3.599999905,58,8,5.242300034,10,12,11,1,10
1,868,0,1,45,15,5.53000021,6,47,14,3.039499998,14,12,9.5,1,16
1,2318,0,1,47,16,4.098400116,4.199999809,46,16,16.74500084,16,16,5,1,9
1,2000,0,0,59,10,1.25,0,60,12,3.75,7,7,5,0,19
1,60,0,1,32,11,1.666700006,0,31,12,5.81400013,10,9,5,1,4
1,1715,0,1,45,12,3.790100098,3.380000114,49,17,10.83300018,7,7,7.5,1,10
1,550,0,4,40,12,2.363600016,2.25999999,47,12,9.002900124,14,12,5,1,5
1,1960,0,2,47,14,10.20400047,0,50,12,6.539999962,14,12,3,1,7
1,44,1,2,36,16,6.818200111,1.360000014,37,17,5.978300095,12,10,5,0,3
1,1920,0,0,56,14,7.214600086,6.920000076,56,14,8.624799728,7,7,7.5,0,38
1,2540,0,1,41,8,2.448400021,0,43,11,4.832900047,7,12,9.5,0,16
1,156,0,3,48,7,1.198699951,0,51,11,10.9090004,3,7,11,0,13
1,780,1,2,36,12,1.641000032,0,38,12,3.886399984,7,7,11,0,1
1,3120,0,0,41,12,1.782099962,0,44,13,8.457400322,7,3,5,0,7
1,2040,0,0,41,14,2.941200018,2.799999952,43,12,5,7,10,11,1,15
1,1610,0,3,36,12,4.968900204,4.25,36,13,7.421199799,12,17,9.5,1,10
1,215,0,3,37,12,1.860499978,0,41,12,4.493800163,10,7,3,0,2
1,1120,0,0,38,12,8.035699844,0,42,12,7.02519989,7,3,9.5,1,19
1,846,0,2,43,14,3.971600056,4.199999809,43,9,3.278800011,3,3,7.5,1,25
1,3225,0,0,54,16,3.041599989,0,59,17,1.28610003,12,12,9.5,1,25
1,1376,0,1,38,12,2.907000065,3.75,41,12,5.555600166,7,7,5,1,7
1,980,1,0,30,12,3.061199903,3.599999905,34,16,7.495100021,12,7,11,1,15
1,1838,0,0,49,12,4.89659977,5,48,15,22.10899925,7,7,9.5,1,11
1,1494,0,1,45,13,4.01609993,2.5,49,6,9.057999611,10,10,9.5,1,25
1,450,0,0,51,13,5.555600166,3.5,57,14,11.53800011,7,7,9.5,1,19
1,1976,0,0,34,10,1.2227,2.450000048,39,7,6.046800137,0,10,7.5,1,4
1,2012,0,2,34,12,2.683900118,3.609999895,34,10,1.365300059,7,7,7.5,1,14
1,561,0,1,41,12,2.673799992,3.25,41,17,16.54999924,10,9,7.5,1,19
1,1715,0,1,49,12,9.329400063,7.050000191,49,17,8.771900177,9,9,11,1,18
1,1912,0,0,32,12,3.138099909,3.599999905,46,14,9.635399818,12,12,5,1,14
1,3686,0,0,32,14,0.542599976,0,39,14,6.678800106,12,12,7.5,1,11
1,1080,0,2,32,17,8.611100197,4.650000095,35,15,7.572700024,12,12,5,0,4
1,1799,0,0,47,10,3.66869998,3.25,48,10,7.8125,3,7,7.5,1,29
1,1984,0,1,39,9,2.318500042,2.299999952,47,4,1.983500004,9,9,7.5,0,21
1,1839,0,0,49,12,2.881999969,3.269999981,53,15,9.523799896,12,12,11,1,24
1,1579,0,3,37,12,3.166599989,0,39,14,6.425000191,12,7,7.5,1,19
1,96,0,0,59,16,3.645800114,0,60,15,10.98400021,14,12,7.5,1,31
1,1920,0,0,50,12,6.25,5.46999979,56,12,12.76599979,7,7,14,1,28
1,1688,0,1,32,17,10.2489996,9.800000191,33,17,9.554499626,12,12,9.5,1,15
1,1589,0,0,46,12,3.209599972,5.539999962,48,16,5.49669981,12,12,11,0,27
1,345,0,2,43,17,7.652200222,5,46,17,9.761799812,12,14,14,0,13
1,1521,0,3,37,11,1.97239995,2.299999952,42,6,5,7,7,7.5,0,4
1,1490,0,2,32,16,4.697999954,3.900000095,35,14,5.999499798,12,14,9,1,10
1,989,0,1,39,11,2.123399973,2.75999999,43,14,6.914899826,10,10,9,1,8
1,600,0,2,34,13,2.333300114,2.900000095,35,12,4.966899872,12,12,7.5,0,4
1,2646,0,1,39,11,2.389600039,0,41,8,2.389600039,7,7,5,1,18
1,2149,0,3,45,8,1.256399989,2.5,48,9,4.512199879,7,7,5,1,3
1,320,0,0,50,11,1.093799949,0,54,11,9.230799675,3,12,7.5,1,11
1,1600,0,1,40,12,3.75,3.299999952,39,12,11.45800018,12,7,7.5,1,8
1,2419,0,1,30,10,3.307199955,3.900000095,34,12,7.699299812,7,7,11,1,10
1,2005,0,0,57,17,5.135200024,5.25,56,17,4.183000088,16,12,11,1,33
1,1960,0,1,39,12,6.632699966,3.599999905,43,12,8.333299637,12,12,9,1,19
1,2147,0,0,53,12,4.564499855,4.900000095,56,8,5.104199886,12,12,7.5,1,35
1,1207,0,1,48,17,11.84799957,7.150000095,53,17,8.227100372,7,12,5,1,21
1,2000,0,1,46,14,3.75,3.75,48,16,5.663400173,14,14,7.5,0,7
1,1260,0,0,47,12,4.365099907,4.349999905,54,12,5.222000122,7,10,7.5,0,18
1,90,0,1,43,12,3.933300018,4,47,10,7.190000057,7,7,7.5,0,4
1,1800,0,0,47,12,3.333300114,3.25,47,16,13.90699959,12,7,7.5,1,12
1,573,0,1,47,12,3.315900087,2.200000048,48,12,6.016300201,10,7,14,0,16
1,1825,0,0,47,12,3.56159997,3,50,12,7.678199768,7,7,7.5,1,14
1,75,0,0,46,12,1.600000024,0,48,12,5.311200142,3,7,7.5,1,3
1,1348,0,4,34,9,2.225500107,2.299999952,33,10,4.122799873,7,7,11,0,1
1,1880,0,0,48,10,4.787199974,4.25,55,12,7.8125,7,7,11,0,27
1,1240,0,1,30,12,5.806499958,6.900000095,31,12,4.60529995,10,7,7.5,1,12
1,848,0,1,51,12,2.358500004,2.299999952,54,12,3.974600077,7,7,3,0,6
1,150,0,5,52,12,2,0,54,16,15.06299973,7,12,14,1,9
1,2000,0,2,37,12,1.899999976,1.850000024,39,13,4.506400108,12,12,5,0,2
1,1952,0,2,32,12,5.123000145,3.25,33,12,5.882400036,12,7,5,0,6
1,1456,0,2,36,17,5.49450016,6.039999962,35,15,10.22799969,12,14,5,1,9
1,1740,0,2,35,12,6.321800232,5.5,37,14,6.57889986,10,10,7.5,1,16
1,1400,0,0,45,17,7.14289999,7.139999866,51,16,8.814499855,14,12,5,0,22
1,2000,0,0,56,12,2.375,2.700000048,60,10,2.952800035,7,7,14,0,26
1,1750,0,2,40,10,2.542900085,2.74000001,45,4,4.517300129,7,7,14,0,11
1,1101,1,2,45,12,2.179800034,2.299999952,49,14,5.128200054,14,12,7.5,1,11
1,2000,0,2,32,12,2.599999905,2.5,30,12,4.145100117,10,7,7.5,0,15
1,1877,0,0,45,12,3.72939992,3.599999905,50,8,8.791199684,10,10,7.5,0,13
1,160,0,2,40,12,4.375,1.850000024,44,12,7.306099892,7,12,14,1,6
1,1886,0,1,38,12,4.44329977,4,42,8,6.006899834,7,10,9.5,1,20
1,1446,0,4,49,12,4.287700176,4.400000095,45,12,8.333299637,7,7,14,1,17
1,1500,0,1,47,16,1.666700006,1.5,49,17,11.52900028,14,14,11,1,8
1,860,0,0,52,13,3.255800009,5.829999924,53,12,6.666699886,7,7,11,1,13
1,1848,0,1,34,13,5.411300182,6,40,16,8.680600166,12,12,7.5,1,15
1,1678,0,2,44,12,2.204999924,2.299999952,46,12,3.467999935,14,12,3,0,14
1,160,0,3,36,16,4.0625,0,42,16,3.032099962,14,7,3,0,14
1,108,0,0,50,17,0.648199975,0,57,16,13.80700016,14,16,9.5,1,6
1,1738,0,0,45,12,5.382599831,6.179999828,47,12,6.217400074,0,0,7.5,1,24
1,1170,0,2,44,14,0.170900002,0,46,13,4.230800152,16,12,9.5,1,10
1,15,0,2,57,12,23.46699905,0,57,10,11.47000027,7,7,11,1,2
1,2088,0,0,35,17,9.578499794,9.979999542,42,17,12.24499989,12,17,9.5,1,9
1,2490,0,0,46,12,3.6947999,3.769999981,52,12,9.210499763,7,7,7.5,1,23
1,135,2,1,30,14,2.222199917,0,35,16,6.330900192,10,12,14,1,12
1,1944,0,3,42,12,1.748999953,2.299999952,44,12,7.803899765,7,3,14,0,8
1,690,0,1,34,12,1.159399986,2.25,36,13,7.67539978,10,7,7.5,1,16
1,608,0,2,45,17,6.990099907,3,47,16,15.58199978,10,14,14,1,10
1,63,1,2,35,16,3.968300104,0,37,16,9.643600464,14,7,14,1,7
1,154,0,0,40,16,21.42900085,8.130000114,44,17,12.88599968,7,12,14,1,19
1,420,0,1,32,12,0.476200014,2.849999905,35,16,6.551099777,12,12,7.5,1,2
1,651,0,0,54,9,2.150500059,1.440000057,57,10,8.25,7,7,7.5,1,9
1,675,0,3,38,12,1.857800007,2.200000048,42,8,1.379199982,7,7,14,0,14
1,1663,0,3,43,12,4.329500198,3.599999905,42,12,5.263199806,12,14,5,1,9
1,1680,0,0,54,16,8.928600311,7,60,12,10.52600002,14,7,9.5,1,16
1,180,0,3,39,14,2.777800083,4,37,17,10,12,12,7.5,1,7
1,1581,0,1,37,12,2.656500101,3.25,39,14,12.54800034,7,12,5,1,6
1,1200,0,2,46,12,2.5,3.079999924,48,8,4.620699883,7,7,5,1,22
1,450,0,0,56,11,18.2670002,0,60,11,1.853999972,7,7,3,0,9
1,547,0,3,41,12,0.819000006,2,44,8,7.426599979,12,7,7.5,0,9
1,300,0,1,45,16,2,0,48,16,13.29800034,16,7,11,1,14
1,975,0,1,44,17,15.38500023,8.5,47,16,26.57799911,3,3,7.5,1,17
1,1621,0,1,50,17,6.477499962,0,52,17,13.95899963,16,12,5,0,12
1,300,0,5,37,14,8.333299637,3.5,38,14,13.1260004,7,7,11,0,13
1,1868,0,1,44,12,4.550300121,4.25,46,12,7.888299942,16,7,14,0,8
1,1803,0,2,32,14,2.495800018,1.899999976,34,17,8.656000137,7,14,9.5,1,10
1,2143,1,1,34,12,4.479700089,4.800000191,40,12,3.410900116,10,10,14,0,16
1,1080,0,2,32,10,2.23239994,2.299999952,35,10,4.625599861,10,10,7.5,0,1
1,1352,0,3,37,12,2.071000099,1.799999952,38,14,4.210499763,10,10,11,0,6
1,537,0,1,44,13,1.675999999,0,55,8,4.270800114,10,10,9,1,4
1,352,0,2,34,16,3.409100056,0,33,12,3.342400074,12,12,14,0,8
1,200,1,3,33,12,2.5,8,33,16,8.635899544,10,3,5,1,4
1,2045,0,3,43,7,3.960900068,4.070000172,43,12,6.758100033,7,7,7.5,1,15
1,1253,0,2,35,16,6.227499962,3.970000029,33,10,0.584299982,16,16,11,0,7
1,1960,0,1,43,14,3.928600073,3.849999905,45,14,5.335000038,7,7,7.5,0,14
1,2000,0,0,34,12,2.900000095,2.5,37,12,4.710100174,7,7,7.5,0,16
1,1960,0,3,36,10,4.081600189,4.550000191,39,7,4.979700089,7,0,7.5,0,15
1,2000,0,2,41,12,2.849999905,4.199999809,41,12,2.976200104,7,7,14,0,23
1,1568,0,0,41,16,7.015299797,6.309999943,44,17,12.74400043,7,7,7.5,0,19
1,1225,0,3,35,10,2.938800097,2.400000095,43,9,3.846199989,10,10,7.5,0,4
1,780,1,3,32,12,1.923099995,3.25,37,10,7.22329998,10,7,5,1,12
1,480,0,0,30,14,6.875,0,34,14,8.807700157,12,12,14,1,12
1,1923,0,0,43,12,3.90019989,4.739999771,47,12,5.386400223,7,7,7.5,1,25
1,2000,0,0,54,6,2,0,57,6,3.684600115,7,7,7.5,0,14
1,2110,0,2,35,15,4.976299763,4.369999886,34,12,1.843700051,7,7,7.5,0,14
1,1664,0,0,50,12,1.201900005,5,54,13,1.301300049,7,7,7.5,0,11
1,48,1,1,34,17,22.5,0,36,17,7.222199917,14,16,5,1,7
1,1791,0,0,52,14,6.8677001,6.179999828,57,12,7.352900028,14,12,9.5,1,18
1,1404,0,3,35,13,3.561300039,5.300000191,38,14,11.86400032,7,10,9,1,4
1,1920,0,0,55,6,1.979200006,2.579999924,58,8,5.332699776,7,7,7.5,0,37
1,2141,0,0,35,16,5.37130022,6,42,16,5.5,7,7,7.5,0,13
1,1720,0,1,49,14,1.744199991,0,45,16,7.230800152,16,16,9.5,1,14
1,3533,2,2,38,15,5.094799995,8.5,38,9,7,12,7,9.5,1,17
1,2000,0,2,42,14,2.5,0,45,14,7.213699818,7,7,9.5,1,5
1,800,0,1,48,8,3.825000048,2.299999952,52,5,4.5,7,7,7.5,0,2
1,3000,0,0,51,14,1,0,53,16,8.863200188,12,12,9.5,1,0
1,293,0,2,43,12,3.071700096,4,47,12,9.333299637,12,10,7.5,1,3
1,1872,0,1,43,12,1.716300011,0,48,12,3.826299906,12,10,7.5,1,21
1,2058,0,1,38,12,4.020899773,4,38,14,5.4447999,10,10,7.5,1,20
1,1832,0,1,44,12,5.458499908,4.949999809,48,9,8.763400078,3,7,7.5,1,19
1,120,1,3,36,12,25,9.979999542,35,12,8.399999619,12,10,9.5,1,4
1,1632,0,0,38,12,2.389699936,2.299999952,31,12,5.102000237,12,12,7.5,0,19
1,778,0,0,47,8,3.213399887,7.25,51,8,7.410099983,12,12,5,1,11
1,1984,0,2,34,12,3.377000093,3.140000105,49,10,5.352700233,7,7,7.5,0,14
1,225,1,2,40,17,1.777799964,0,38,17,19.56200027,16,17,14,1,8
1,1960,0,1,31,12,3.163300037,3.180000067,35,12,5.078299999,12,12,7.5,0,13
1,444,0,0,46,12,2.7026999,0,49,12,0.512799978,10,16,7.5,1,24
1,384,0,3,36,14,1.692700028,0,43,17,5.40199995,10,10,14,1,1
1,1170,1,2,39,13,0.213699996,0,47,12,7.864600182,12,16,11,1,1
1,1330,0,2,36,17,6.766900063,4.5,38,12,6.053100109,7,7,14,0,3
1,1350,0,4,37,8,1.740700006,2.099999905,41,12,5,7,7,3,0,4
1,480,0,4,39,12,2.5,0,40,11,7.682899952,7,9,3,0,21
1,1984,1,3,36,11,4.485899925,3.25999999,38,8,6.038599968,7,3,14,0,10
1,1944,0,2,49,12,2.572000027,2.700000048,53,16,5.850999832,7,7,5,1,13
1,50,1,1,45,12,3.460000038,5,46,10,6.741600037,7,7,9.5,1,9
1,460,2,0,32,17,4.782599926,0,31,17,8.108099937,7,7,7.5,0,14
1,680,0,5,36,10,2.311800003,0,43,12,5.306099892,7,7,7.5,0,2
1,2450,0,1,40,12,5.306099892,6.5,40,8,7.270899773,7,7,5,1,21
1,2144,0,2,43,13,5.867499828,0,43,11,8.177599907,7,7,7.5,1,22
1,1760,0,1,33,12,3.409100056,3.210000038,34,12,7.100599766,12,16,11,1,14
1,490,0,1,30,12,4.081600189,2.460000038,33,11,6.584400177,12,12,7.5,1,7
0,0,0,1,49,12,0,0,54,15,7.852900028,14,12,7.5,1,2
0,0,2,0,30,16,0,0,34,16,11.9289999,14,7,9.5,1,5
0,0,1,0,30,12,0,0,39,17,18,12,12,7.5,0,12
0,0,0,4,41,12,0,0,40,16,10.02200031,7,7,7.5,1,1
0,0,0,1,45,12,0,0,46,16,9.333299637,7,7,5,1,12
0,0,0,5,43,12,0,0,44,13,6.085000038,7,7,7.5,1,4
0,0,0,1,42,13,0,0,46,15,5.70539999,10,7,11,1,9
0,0,0,0,60,12,0,0,58,12,9.118499756,7,7,7.5,1,9
0,0,0,0,57,12,0,0,57,12,7.20720005,9,3,7.5,1,6
0,0,0,2,38,10,0,0,41,8,5.314599991,12,7,5,0,5
0,0,0,0,56,12,0,0,58,12,8.282799721,12,12,7.5,1,5
0,0,0,3,32,12,0,0,37,7,7.057799816,10,7,5,0,8
0,0,0,1,49,7,0,0,58,6,6.16590023,7,7,7.5,1,2
0,0,0,0,55,12,0,0,58,12,2.700000048,7,10,3,0,6
0,0,1,1,36,9,0,0,39,14,7.662799835,7,7,11,0,0
0,0,0,3,44,12,0,0,50,12,1.849099994,9,9,14,0,3
0,0,0,1,44,10,0,0,60,12,3.846199989,7,14,7.5,1,7
0,0,1,2,35,14,0,0,34,17,9.054300308,3,12,7.5,1,3
0,0,2,3,44,14,0,0,45,10,9.375,10,10,14,0,10
0,0,0,1,45,12,0,0,45,12,8.333299637,12,12,14,1,3
0,0,1,0,34,12,0,0,38,12,9.373299599,12,17,5,1,2
0,0,2,0,30,17,0,0,32,17,4.481800079,12,12,7.5,1,12
0,0,0,1,39,8,0,0,44,12,5.347599983,7,3,3,0,15
0,0,0,2,36,12,0,0,39,15,3.2026999,7,7,14,0,5
0,0,0,2,38,17,0,0,42,16,12.80099964,10,12,9.5,1,4
0,0,0,0,53,12,0,0,54,16,6.910299778,10,10,7.5,1,10
0,0,0,2,36,12,0,0,42,12,4.229300022,7,7,3,0,1
0,0,1,1,32,12,0,0,31,12,4.447899818,12,7,7.5,1,8
0,0,0,3,51,9,0,0,51,12,8.052300453,7,7,14,1,20
0,0,0,0,38,11,0,0,46,11,7.505700111,10,7,14,1,4
0,0,2,0,33,12,0,0,36,12,7.474699974,10,10,11,1,7
0,0,0,0,54,12,0,0,53,12,6.321800232,16,10,9.5,1,10
0,0,0,3,38,9,0,0,44,12,2.135400057,7,3,11,0,3
0,0,2,2,30,11,0,0,31,14,4.209199905,7,7,3,0,5
0,0,2,3,34,12,0,0,30,12,0.759500027,12,12,7.5,0,10
0,0,0,1,34,9,0,0,37,13,4.807700157,12,7,3,0,0
0,0,0,2,50,12,0,0,49,12,12.78800011,10,7,7.5,1,3
0,0,2,0,30,17,0,0,30,16,7.14289999,12,12,11,0,10
0,0,0,2,38,12,0,0,42,16,15.15200043,10,7,11,1,2
0,0,0,0,54,14,0,0,58,14,7.908199787,12,12,9.5,1,10
0,0,1,2,30,12,0,3,31,17,6.972799778,12,12,7.5,1,4
0,0,0,0,55,12,0,0,56,11,4.91809988,7,7,5,1,0
0,0,0,1,51,10,0,0,56,12,8.311200142,10,10,11,0,10
0,0,0,1,44,12,0,0,46,12,7.14289999,7,7,9.5,1,5
0,0,0,0,53,12,0,0,55,12,5.688899994,7,7,5,0,0
0,0,0,2,42,10,0,0,49,9,7.083300114,3,3,5,0,0
0,0,0,2,38,12,0,0,42,11,5.692200184,10,7,7.5,0,19
0,0,1,3,38,13,0,0,40,12,11.39999962,7,7,7.5,1,2
0,0,1,4,41,12,0,0,41,11,1.415199995,3,3,9.5,1,12
0,0,0,3,35,8,0,0,44,9,2.750699997,12,7,9.5,1,5
0,0,1,2,33,12,0,2.75,34,12,6.618199825,12,12,9.5,1,5
0,0,0,0,48,13,0,0,50,16,9.272500038,7,7,7.5,0,5
0,0,0,0,47,12,0,0,51,12,12.2869997,12,10,7.5,1,10
0,0,0,5,34,12,0,0,41,13,2.854899883,7,7,7.5,1,0
0,0,2,1,33,13,0,0,37,17,7.970900059,12,10,5,1,4
0,0,3,1,31,13,0,0,36,17,19.44400024,12,16,11,0,3
0,0,0,0,58,8,0,0,58,8,1.480599999,12,7,7.5,1,2
0,0,0,0,49,12,0,0,52,8,1.891800046,7,7,3,0,1
0,0,0,1,55,8,0,0,56,9,6.921500206,7,3,7.5,1,0
0,0,0,0,44,14,0,1.5,49,8,10.69200039,12,12,14,1,1
0,0,0,0,44,9,0,0,48,8,9.947400093,7,7,11,1,1
0,0,0,3,36,16,0,0,37,17,19,7,12,9.5,1,6
0,0,0,3,38,12,0,0,46,14,7.488200188,14,14,9.5,1,12
0,0,0,3,37,16,0,0,38,17,9.258999825,16,7,7.5,1,6
0,0,0,0,47,12,0,0,51,12,11.32199955,12,7,5,1,9
0,0,0,3,47,12,0,0,47,10,6.447000027,12,10,7.5,1,14
0,0,1,1,32,12,0,0,33,12,6.577799797,7,7,9,1,13
0,0,1,2,43,12,0,0,46,12,6.099999905,12,7,7.5,0,8
0,0,1,4,42,11,0,0,48,10,4.230800152,10,10,3,0,0
0,0,0,0,56,12,0,0,57,8,2.217000008,7,7,7.5,0,1
0,0,0,5,38,13,0,2.25,40,16,6.518899918,12,7,11,1,3
0,0,0,2,52,12,0,0,51,11,6.492300034,7,7,14,1,13
0,0,0,0,50,12,0,0,56,12,11.36400032,12,12,7.5,1,3
0,0,0,0,33,16,0,0,33,17,9.87650013,12,12,7.5,1,8
0,0,0,2,44,16,0,0,44,17,7.657599926,7,7,7.5,1,8
0,0,0,1,41,12,0,0,42,16,8.301699638,7,7,14,0,18
0,0,0,1,45,12,0,0,45,12,14.11400032,14,12,11,1,2
0,0,0,0,53,14,0,0,55,16,16,7,7,7.5,0,3
0,0,0,0,53,14,0,0,56,17,11.29100037,12,12,14,1,5
0,0,0,1,42,12,0,0,46,12,2.33949995,12,10,9.5,1,2
0,0,2,0,32,13,0,0,35,16,7.799399853,12,17,7.5,1,10
0,0,0,0,56,12,0,0,53,12,6,7,7,7.5,1,30
0,0,1,3,37,11,0,0,40,11,6.68930006,10,7,11,1,1
0,0,1,2,40,12,0,0,42,14,8.536600113,12,7,14,1,5
0,0,0,3,54,15,0,0,55,16,13.82999992,0,7,7.5,1,8
0,0,0,0,53,7,0,0,53,9,1.480000019,7,7,7.5,0,0
0,0,0,1,48,12,0,0,51,12,8.571399689,7,7,9.5,1,4
0,0,1,2,36,12,0,0,38,14,8.22990036,7,7,9.5,1,2
0,0,0,0,57,12,0,0,52,14,8.387700081,7,7,7.5,1,30
0,0,0,0,51,12,0,0,49,7,7.365099907,10,7,14,1,25
0,0,0,4,33,13,0,0,37,12,3.441499949,7,0,3,0,3
0,0,0,0,52,12,0,0,49,11,3.353699923,7,7,7.5,1,20
0,0,0,0,56,10,0,0,60,8,2.976200104,0,7,7.5,1,20
0,0,1,2,36,12,0,0,38,11,5.181000233,14,9,7.5,1,0
0,0,1,0,36,14,0,0,50,16,10.29300022,12,12,7.5,0,15
0,0,0,1,46,12,0,0,47,10,13.24300003,10,7,14,1,10
0,0,0,3,31,10,0,0,33,9,3.645800114,7,7,7.5,0,4
0,0,0,0,52,11,0,0,51,12,10.40699959,7,7,11,1,3
0,0,0,2,46,12,0,0,55,12,8.211700439,7,7,7.5,1,10
0,0,2,0,35,12,0,0,44,16,8.673500061,7,3,7.5,1,9
0,0,0,0,59,12,0,0,56,10,8.320799828,7,7,14,0,7
0,0,0,1,36,8,0,0,40,12,4.287000179,0,0,14,0,12
0,0,1,3,51,7,0,0,52,7,10.5,3,3,14,0,0
0,0,1,0,31,16,0,0,31,12,7.978700161,12,12,9,1,16
0,0,0,2,31,14,0,0,36,17,11.81400013,12,12,14,1,4
0,0,1,1,32,12,0,0,39,13,6.111100197,12,12,7.5,1,7
0,0,1,2,35,16,0,0,38,16,12.57800007,12,7,14,1,7
0,0,0,3,40,12,0,4.099999905,43,12,11.24400043,7,10,7.5,1,14
0,0,1,2,33,10,0,0,38,12,2.740799904,7,7,14,0,2
0,0,0,0,54,7,0,0,52,11,4.444399834,0,0,3,1,20
0,0,1,1,36,12,0,0,37,12,5.826700211,12,12,7.5,1,5
0,0,0,1,50,10,0,0,60,8,2.347800016,12,7,3,0,10
0,0,0,0,54,8,0,0,49,8,4.475500107,0,0,3,0,20
0,0,0,1,48,11,0,0,49,12,8.498600006,7,7,7.5,1,10
0,0,0,4,41,15,0,0,42,16,7.182499886,14,17,5,0,8
0,0,0,4,50,12,0,0,53,12,10.86999989,12,7,14,1,11
0,0,0,2,46,12,0,0,51,8,7.122200012,10,7,7.5,1,3
0,0,0,1,42,13,0,0,47,17,10.65919971,12,12,7.5,0,6
0,0,1,2,31,9,0,0,34,12,3.276200056,3,3,14,0,4
0,0,0,0,53,12,0,0,58,8,7.752099991,10,10,14,0,4
0,0,0,1,51,12,0,0,57,12,11.94499969,3,3,7.5,1,9
0,0,0,1,47,12,0,0,57,12,4.615399837,7,9,11,1,10
0,0,0,1,50,12,0,0,50,12,13.02099991,12,12,14,1,3
0,0,0,1,37,6,0,0,52,5,2.666699886,7,7,7.5,0,2
0,0,2,2,30,12,0,0,31,12,8.833299637,12,12,11,0,2
0,0,0,0,49,12,0,0,39,12,2.366899967,16,16,5,1,0
0,0,0,2,52,12,0,0,49,16,5,7,0,14,1,8
0,0,0,2,47,12,0,0,49,16,7.459700108,10,7,14,1,6
0,0,0,0,49,12,0,0,53,12,7.751900196,7,7,11,1,15
0,0,0,4,44,12,0,0,31,16,5.405399799,12,10,14,1,15
0,0,0,0,53,8,0,0,59,9,6.123899937,9,9,9.5,1,9
0,0,1,0,30,12,0,0,31,13,8.336899757,7,12,14,0,8
0,0,0,2,54,12,0,0,55,12,7.127699852,7,10,7.5,1,18
0,0,1,1,47,7,0,0,51,7,6.120399952,0,0,7.5,1,3
0,0,0,0,56,15,0,0,56,12,3.111099958,7,7,14,1,10
0,0,0,1,49,12,0,0,52,16,12.16100025,7,7,11,0,6
0,0,0,0,48,6,0,0,55,12,5.384600163,7,7,9.5,1,20
0,0,0,1,49,12,0,0,53,10,3.983799934,10,12,9.5,0,8
0,0,0,1,56,12,0,0,60,12,7.46969986,12,16,11,0,3
0,0,0,0,46,12,0,0,46,11,11.41100025,7,7,7.5,1,4
0,0,0,2,45,12,0,0,49,17,12.93599987,12,12,14,1,13
0,0,0,2,32,12,0,0,35,12,5.612199783,12,7,11,1,4
0,0,1,1,43,12,0,2.700000048,41,12,6.809899807,7,7,14,1,17
0,0,1,1,34,12,0,0,39,12,8.50660038,7,7,9.5,1,4
0,0,1,1,30,12,0,0,51,10,5.507999897,7,10,5,0,0
0,0,2,0,38,17,0,4.800000191,39,12,7.228499889,12,16,5,1,15
0,0,1,1,33,16,0,0,36,17,9.454500198,16,16,9.5,0,11
0,0,0,0,52,12,0,0,55,12,8.983499527,7,7,9.5,1,23
0,0,0,3,43,11,0,0,45,12,5.984600067,12,14,7.5,1,1
0,0,1,1,33,12,0,0,34,12,3.962899923,12,7,9.5,0,5
0,0,0,0,45,10,0,0,48,12,7.057499886,7,7,7.5,0,1
0,0,2,1,36,10,0,0,38,12,7.156499863,10,10,14,1,5
0,0,1,1,34,12,0,0,39,17,4.014500141,12,12,9.5,1,3
0,0,0,2,37,14,0,0,50,16,3.8829,10,14,11,0,3
0,0,0,1,46,10,0,0,51,12,7.978700161,7,7,11,0,19
0,0,0,0,47,12,0,0,55,10,5.036600113,12,12,9.5,1,20
0,0,2,1,31,16,0,0,32,16,7.076900005,12,12,7.5,1,5
0,0,0,0,57,5,0,0,58,5,3.618400097,7,7,14,0,0
0,0,1,1,30,12,0,0,30,13,13.4659996,10,10,5,1,3
0,0,0,0,30,12,0,0,43,17,14.53100014,12,10,11,1,3
0,0,0,3,44,12,0,0,45,12,6.800000191,12,12,9.5,1,7
0,0,0,0,53,13,0,0,53,13,6.666699886,7,12,7.5,1,7
0,0,0,0,51,8,0,0,54,8,5.917200089,7,7,9.5,1,1
0,0,1,3,39,12,0,0,36,14,10.23999977,12,7,5,1,13
0,0,0,0,52,8,0,0,54,12,8.156599998,7,3,3,0,0
0,0,0,4,46,8,0,0,50,12,6.677499771,3,3,11,1,0
0,0,0,5,47,12,0,0,49,12,0.961499989,7,7,3,0,12
0,0,0,2,52,8,0,0,54,8,16.90699959,7,3,7.5,1,0
0,0,0,2,45,12,0,0,46,15,13.56999969,10,14,7.5,1,5
0,0,0,0,60,11,0,0,52,11,8.932900429,7,7,7.5,1,45
0,0,0,2,41,13,0,0,54,7,4.737199783,17,7,11,0,10
0,0,0,3,39,8,0,0,45,12,8.51060009,7,7,7.5,1,2
0,0,0,1,49,12,0,0,51,12,5.251100063,7,7,7.5,0,3
0,0,1,1,32,15,0,0,37,13,21.7859993,12,12,14,1,1
0,0,1,3,33,12,0,0,34,13,7.912499905,12,12,14,1,5
0,0,0,4,36,10,0,0,37,8,7.108300209,7,9,14,0,10
0,0,3,3,37,13,0,0,39,14,5.043399811,7,0,5,0,4
0,0,1,2,30,12,0,0,34,11,2.244199991,12,12,11,0,7
0,0,1,1,44,11,0,0,37,10,8.506899834,7,12,9.5,1,9
0,0,0,1,48,12,0,0,49,12,7.575799942,7,12,5,1,5
0,0,0,4,40,11,0,0,45,11,5.882400036,7,7,14,1,4
0,0,0,0,47,13,0,0,49,16,40.44100189,9,9,5,1,11
0,0,0,2,36,12,0,0,40,12,6.23390007,12,7,5,1,9
0,0,0,2,40,11,0,0,42,14,9.297100067,7,12,5,1,4
0,0,0,1,46,12,0,0,46,12,0.703800023,12,7,7.5,1,2
0,0,0,0,52,12,0,0,54,12,2.542500019,3,12,7.5,0,23
0,0,0,1,44,12,0,0,45,12,5.083300114,12,12,11,0,3
0,0,0,1,45,10,0,0,46,14,7.684299946,7,7,7.5,1,15
0,0,2,1,30,7,0,0,35,7,4.0625,7,3,7.5,0,8
0,0,1,3,40,12,0,0,44,12,6.51060009,12,12,14,1,3
0,0,0,1,43,12,0,0,43,12,2.950999975,7,12,7.5,0,25
0,0,0,2,49,12,0,0,53,10,5.673799992,12,3,11,1,2
0,0,1,4,46,12,0,3.450000048,48,12,12.76599979,12,12,11,1,0
0,0,0,0,52,11,0,0,52,12,6,7,7,11,0,19
0,0,1,1,31,12,0,0,33,15,9.295499802,7,10,9.5,1,3
0,0,1,1,42,10,0,0,47,11,5.132400036,7,7,5,0,7
0,0,0,3,33,11,0,0,38,8,9.065899849,7,14,7.5,1,1
0,0,0,0,57,16,0,0,57,13,11.93099976,7,12,14,1,9
0,0,0,0,49,10,0,0,51,10,6.716400146,10,10,11,1,3
0,0,0,1,45,14,0,0,47,14,4.585100174,14,12,11,1,8
0,0,0,0,56,11,0,0,56,12,9.256699562,7,7,14,1,0
0,0,1,3,41,12,0,0,43,12,8.565600395,10,10,7.5,1,5
0,0,0,0,56,5,0,0,53,6,6.740699768,3,3,14,1,20
0,0,0,1,48,10,0,0,48,10,9.878800392,7,7,5,1,3
0,0,0,2,52,16,0,0,53,16,9.375,12,10,7.5,1,12
0,0,0,0,51,12,0,0,55,12,6.27699995,7,7,14,1,5
0,0,0,3,35,11,0,0,39,10,6.424099922,7,7,7.5,0,1
0,0,0,0,45,12,0,0,51,12,8.371800423,7,7,5,0,0
0,0,0,0,54,12,0,0,58,17,12.22000027,7,7,9.5,1,7
0,0,0,2,54,12,0,0,54,13,3.561199903,10,10,9.5,1,13
0,0,1,0,31,12,0,0,32,8,8.866999626,7,7,3,0,3
0,0,0,3,53,6,0,0,54,4,1.851500034,7,7,11,0,0
0,0,2,2,35,14,0,0,34,14,8.076899529,16,14,3,0,2
0,0,1,3,36,12,0,0,40,16,8.979599953,12,16,7.5,0,0
0,0,0,0,59,12,0,0,60,12,6.661799908,7,7,11,1,2
0,0,0,0,54,16,0,0,54,17,11.10700035,16,17,5,1,1
0,0,1,1,37,12,0,0,47,17,14.07699966,7,7,9,1,10
0,0,0,0,44,12,0,0,54,10,0.412099987,7,7,7.5,1,10
0,0,1,2,34,17,0,0,40,16,23.80999947,12,12,5,1,1
0,0,0,0,49,12,0,0,50,12,9.574500084,7,7,11,0,3
0,0,0,0,49,12,0,0,51,12,1.928599954,7,7,3,0,32
0,0,0,0,60,9,0,0,60,8,2.578299999,7,7,3,0,0
0,0,0,0,51,12,0,0,55,12,7.227399826,7,7,7.5,1,7
0,0,1,1,30,12,0,0,30,14,8.800000191,12,10,5,1,5
0,0,0,2,47,12,0,0,49,9,7.75,7,7,11,1,2
0,0,0,4,36,12,0,0,45,17,14.68799973,12,12,7.5,1,5
0,0,1,3,35,12,0,0,38,12,10.48700047,7,7,9.5,1,3
0,0,0,0,58,12,0,0,53,12,4.025300026,12,9,11,0,25
0,0,1,3,41,14,0,0,42,16,11.76500034,14,12,7.5,0,0
0,0,0,1,51,10,0,0,52,8,9.523799896,7,7,14,1,3
0,0,0,0,47,12,0,0,52,12,6.907899857,7,7,11,0,10
0,0,1,2,45,9,0,0,35,9,5.151000023,12,3,11,0,10
0,0,0,0,60,14,0,0,55,17,20.49600029,16,14,14,1,7
0,0,1,1,30,16,0,2,46,16,13.55500031,12,12,9.5,1,5
0,0,0,0,55,11,0,0,57,13,14.79599953,7,3,5,1,15
0,0,1,2,32,12,0,0,50,8,1.690500021,10,7,3,0,1
0,0,0,2,36,12,0,0,38,12,7.229599953,7,7,3,0,5
0,0,0,0,55,12,0,0,53,7,4.115200043,3,3,14,0,9
0,0,0,0,47,12,0,0,47,12,2.999000072,3,3,14,0,18
0,0,0,1,47,12,0,0,52,8,8.049200058,7,7,14,1,1
0,0,0,1,37,11,0,0,39,12,8.576999664,12,7,3,0,0
0,0,0,2,50,12,0,0,53,17,9.32349968,10,12,3,0,6
0,0,0,3,30,12,0,0,31,12,4.705900192,3,7,14,0,1
0,0,0,1,48,17,0,0,45,17,9.134599686,16,17,3,0,2
0,0,0,2,43,10,0,0,49,12,7.767000198,10,10,5,1,15
0,0,1,0,48,11,0,0,46,8,4.126900196,7,7,3,0,25
0,0,1,2,41,14,0,0,44,17,10,17,7,14,1,1
0,0,0,0,50,12,0,0,52,10,4.072700024,7,10,7.5,1,0
0,0,0,0,58,8,0,0,59,5,7.852900028,3,3,7.5,0,0
0,0,0,5,38,13,0,0,43,15,7.816800117,12,16,7.5,1,0
0,0,0,1,37,12,0,0,39,12,9.166700363,7,12,5,0,8
0,0,0,0,50,16,0,0,51,17,29.6439991,12,7,9.5,1,22
0,0,0,4,42,8,0,0,44,6,4.076099873,3,3,7.5,1,5
0,0,1,3,37,9,0,0,37,17,8.362000465,10,10,9.5,1,10
0,0,0,2,41,16,0,0,40,17,12.06200027,16,17,9,1,1
0,0,0,2,31,12,0,0,31,12,2.325099945,10,7,3,0,1
0,0,0,0,51,12,0,0,55,11,10.01000023,7,7,5,1,6
0,0,1,2,36,12,0,0,41,12,5.27339983,7,7,5,0,4
0,0,0,0,54,15,0,0,52,15,10.41699982,14,16,14,0,6
0,0,0,0,49,12,0,0,54,12,7.5,7,7,14,1,0
0,0,1,1,48,9,0,0,47,8,6.352099895,10,12,5,0,1
0,0,0,2,42,9,0,0,45,10,3.807100058,7,14,9.5,0,3
0,0,1,2,41,12,0,0,44,14,9.909899712,3,16,9.5,1,15
0,0,0,0,55,16,0,0,56,11,2.670099974,12,12,7.5,0,33
0,0,0,0,42,9,0,0,46,8,4.395599842,7,7,5,1,2
0,0,0,1,32,15,0,0,33,17,7.971000195,12,12,7.5,1,1
0,0,0,2,43,12,0,0,44,14,15.4289999,7,7,7.5,1,10
0,0,1,3,33,12,0,0,37,13,1.985399961,7,7,5,1,0
0,0,0,1,48,15,0,0,51,16,7.256199837,10,14,9.5,1,14
0,0,0,2,43,12,0,0,48,9,7.035200119,3,16,7.5,1,15
0,0,1,3,47,17,0,0,57,16,8.134699821,14,12,7.5,1,15
0,0,0,0,54,12,0,0,60,12,11.98099995,12,12,7.5,1,10
0,0,0,1,51,12,0,0,52,12,5.992199898,7,3,7.5,1,6
0,0,0,1,51,10,0,0,57,10,4.145800114,14,7,7.5,0,18
0,0,1,1,43,13,0,0,42,13,8.510199547,12,10,7.5,0,15
0,0,0,0,53,12,0,0,59,8,2.963099957,0,3,3,0,30
0,0,1,1,34,11,0,0,36,12,8.814900398,7,7,7.5,0,15
0,0,1,1,31,8,0,0,31,10,2.495500088,7,7,7.5,0,10
0,0,0,0,56,12,0,0,59,8,4.884300232,10,7,7.5,1,0
0,0,0,1,42,16,0,0,55,15,10.19999981,12,7,9.5,1,0
0,0,0,2,32,12,0,0,35,16,10,12,14,9.5,1,4
0,0,1,3,35,12,0,0,37,12,5.35710001,12,12,9.5,1,0
0,0,1,1,30,12,0,0,36,14,9.795900345,14,14,9.5,1,3
0,0,0,0,51,10,0,0,50,11,1.37409997,7,7,7.5,0,20
0,0,0,3,47,12,0,0,48,12,3.463000059,7,7,3,0,3
0,0,0,1,54,12,0,0,55,13,5.040800095,3,7,3,0,1
0,0,3,0,31,15,0,0,34,17,16.66699982,7,10,7.5,1,5
0,0,0,0,47,10,0,0,45,11,4.329400063,7,7,5,1,7
0,0,0,3,47,14,0,0,42,16,10.19299984,7,7,11,1,6
0,0,0,3,40,12,0,0,39,12,7.583300114,7,7,7.5,1,2
0,0,0,0,48,8,0,0,50,7,4.120399952,3,3,7.5,0,0
0,0,0,7,34,8,0,0,51,7,4.807700157,3,7,11,1,10
0,0,0,3,38,12,0,0,42,16,3.153100014,7,10,9.5,1,6
0,0,1,3,32,12,0,0,34,16,19,7,10,7.5,1,4
0,0,0,1,48,16,0,0,45,17,6.053500175,12,7,7.5,1,8
0,0,0,2,41,12,0,0,46,7,3.787499905,7,7,7.5,0,18
0,0,0,2,49,5,0,0,43,3,2.92869997,0,0,7.5,0,7
0,0,0,0,59,8,0,0,55,12,9.297200203,3,7,11,1,15
0,0,0,0,58,13,0,0,57,16,9.382699966,7,7,11,1,7
0,0,0,3,41,12,0,0,48,15,26.53100014,7,14,14,1,8
0,0,0,2,45,12,0,0,45,12,40.50899887,10,10,14,1,8
0,0,1,1,30,14,0,0,32,17,15.15999985,12,10,11,0,3
0,0,0,1,41,12,0,0,42,16,18.9640007,7,7,7.5,1,10
0,0,2,0,30,12,0,0,33,16,5.415200233,10,10,7.5,0,9
0,0,0,1,53,12,0,0,54,12,1.998800039,12,7,7.5,1,24
0,0,0,0,31,12,0,0,37,14,8,10,7,7.5,0,12
0,0,0,2,43,14,0,0,44,17,11.15299988,12,12,11,1,2
0,0,1,1,31,12,0,0,30,14,5.952400208,12,14,14,1,6
0,0,0,0,51,12,0,0,60,10,2.119400024,10,3,7.5,1,18
0,0,0,0,43,9,0,0,45,12,3.838399887,7,7,5,1,17
0,0,1,2,31,14,0,0,34,16,17.36100006,16,16,5,1,7
0,0,0,0,48,11,0,0,48,12,8.009200096,7,10,9.5,1,6
0,0,1,1,31,12,0,0,33,14,3,12,7,9.5,1,10
0,0,0,1,44,12,0,0,46,12,10.58899975,7,7,7.5,1,5
0,0,0,1,48,11,0,0,50,14,10.91300011,10,7,7.5,1,7
0,0,0,1,53,12,0,0,53,12,5.603300095,0,0,7.5,1,11
0,0,0,3,42,10,0,2.75,44,12,7.936500072,3,3,11,1,14
0,0,2,6,39,12,0,0,34,12,2.947599888,7,0,9.5,1,5
0,0,1,2,32,10,0,0,36,4,2.056200027,7,3,7.5,0,2
0,0,0,2,36,12,0,0,39,12,1.301300049,7,12,14,0,4
0,0,0,2,40,13,0,0,43,16,9.271499634,10,10,9.5,1,5
0,0,2,3,31,12,0,0,33,12,4.863800049,12,12,7.5,0,14
0,0,0,0,43,12,0,0,43,12,1.0898,10,3,7.5,0,4
0,0,0,0,60,12,0,0,55,8,12.43999958,12,12,14,1,15
0,0,0,3,39,9,0,0,48,12,6.089700222,7,7,11,1,12
